date,day_of_week,high_hour,low_hour,p1_hour,p1_type,p2_hour,p2_type,daily_high,daily_low,open_price,close_price,day_return
2024-02-29,3,6,18,6,high,18,low,63676.35,60364.7,62432.11,61130.98,-0.02084071802154368
2024-03-01,4,20,3,3,low,20,high,63114.23,60777.0,61130.99,62387.9,0.020560929898239887
2024-03-02,5,0,14,0,high,14,low,62433.19,61561.12,62387.9,61987.28,-0.006421437490282613
2024-03-03,6,22,7,7,low,22,high,63231.88,61320.0,61987.28,63113.97,0.01817614839689695
2024-03-04,0,23,0,0,low,23,high,68499.0,62300.0,63113.97,68245.71,0.08130909844524128
2024-03-05,1,15,19,15,high,19,low,69000.0,59005.0,68245.71,63724.01,-0.06625617932614378
2024-03-06,2,8,2,2,low,8,high,67641.1,62779.14,63724.01,66074.04,0.03687825044280785
2024-03-07,3,17,1,1,low,17,high,67980.0,65551.0,66074.04,66823.17,0.011337735667442232
2024-03-08,4,15,16,15,high,16,low,69990.0,66082.66,66823.18,68124.19,0.019469441591974664
2024-03-09,5,7,1,1,low,7,high,68541.1,67861.1,68124.2,68313.27,0.002775372041066273
2024-03-10,6,10,22,10,high,22,low,69887.61,68094.75,68313.28,68955.88,0.009406662950454229
2024-03-11,0,19,0,0,low,19,high,72800.0,67024.96,68955.88,72078.1,0.04527851721999634
2024-03-12,1,14,17,14,high,17,low,73000.0,68620.82,72078.1,71452.01,-0.008686272251904685
2024-03-13,2,8,0,0,low,8,high,73650.25,71333.31,71452.0,73072.41,0.02267830151710244
2024-03-14,3,7,19,7,high,19,low,73777.0,68555.0,73072.4,71388.94,-0.02303824699886677
2024-03-15,4,0,9,0,high,9,low,72419.71,65600.0,71388.94,69499.85,-0.026461942143979116
2024-03-16,5,0,23,0,high,23,low,70043.0,64780.0,69499.84,65300.63,-0.06042042686716976
2024-03-17,6,22,7,7,low,22,high,68904.4,64533.0,65300.64,68393.48,0.047363088631290545
2024-03-18,0,5,17,5,high,17,low,68956.0,66565.2,68393.47,67609.99,-0.011455479594762423
2024-03-19,1,0,23,0,high,23,low,68124.11,61555.0,67610.0,61937.4,-0.0839017896760834
2024-03-20,2,22,5,5,low,22,high,68100.0,60775.0,61937.41,67840.51,0.09530750478587967
2024-03-21,3,0,20,0,high,20,low,68240.47,64529.01,67840.51,65501.27,-0.03448146247721307
2024-03-22,4,6,21,6,high,21,low,66649.62,62260.0,65501.28,63796.64,-0.02602452959697886
2024-03-23,5,17,3,3,low,17,high,65999.0,63000.0,63796.64,63990.01,0.0030310373712471787
2024-03-24,6,23,4,4,low,23,high,67628.69,63772.29,63990.02,67209.99,0.05031987800597669
2024-03-25,0,20,2,2,low,20,high,71150.0,66385.06,67210.0,69880.01,0.03972638000297567
2024-03-26,1,7,14,7,high,14,low,71561.1,69280.0,69880.0,69988.0,0.0015455065827132226
2024-03-27,2,13,16,13,high,16,low,71769.54,68359.18,69987.99,69469.99,-0.007401269846440796
2024-03-28,3,14,2,2,low,14,high,71552.06,68903.62,69469.99,70780.6,0.018865844086057886
2024-03-29,4,1,15,1,high,15,low,70916.16,69009.0,70780.6,69850.54,-0.013140041197729492
2024-03-30,5,5,23,5,high,23,low,70321.1,69540.0,69850.53,69582.18,-0.0038417747152384644
2024-03-31,6,23,0,0,low,23,high,71366.0,69562.99,69582.17,71280.01,0.02440050374973929
2024-04-01,0,0,16,0,high,16,low,71288.23,68062.86,71280.0,69649.8,-0.02287037037037033
2024-04-02,1,0,16,0,high,16,low,69674.23,64550.0,69649.81,65463.99,-0.06009808210532089
2024-04-03,2,14,0,0,low,14,high,66903.63,64493.07,65463.99,65963.28,0.0076269411626147575
2024-04-04,3,18,4,4,low,18,high,69309.91,65064.52,65963.27,68487.79,0.03827160175655314
2024-04-05,4,0,12,0,high,12,low,68756.67,65952.56,68487.8,67820.62,-0.0097415890129338
2024-04-06,5,23,2,2,low,23,high,69692.0,67447.83,67820.63,68896.0,0.01585608980630223
2024-04-07,6,16,0,0,low,16,high,70326.29,68824.0,68896.0,69360.39,0.006740449372967943
2024-04-08,0,12,0,0,low,12,high,72797.99,69043.24,69360.38,71620.0,0.032577964538256496
2024-04-09,1,0,17,0,high,17,low,71758.19,68210.0,71620.0,69146.0,-0.03454342362468584
2024-04-10,2,22,13,13,low,22,high,71172.08,67518.0,69146.0,70631.08,0.021477453504179587
2024-04-11,3,7,15,7,high,15,low,71305.89,69567.21,70631.08,70006.23,-0.008846672031632615
2024-04-12,4,4,18,4,high,18,low,71227.46,65086.86,70006.22,67116.52,-0.04127776074754496
2024-04-13,5,4,20,4,high,20,low,67929.0,60660.57,67116.52,63924.51,-0.04755922982896017
2024-04-14,6,23,3,3,low,23,high,65840.0,62134.0,63924.52,65661.84,0.027177677673606307
2024-04-15,0,9,19,9,high,19,low,66867.07,62274.4,65661.85,63419.99,-0.03414250436136063
2024-04-16,1,21,10,10,low,21,high,64365.0,61600.0,63419.99,63793.39,0.00588773350484605
2024-04-17,2,5,16,5,high,16,low,64499.0,59678.16,63793.4,61277.37,-0.03944028692623373
2024-04-18,3,15,6,6,low,15,high,64117.09,60803.35,61277.38,63470.08,0.03578318785822769
2024-04-19,4,11,2,2,low,11,high,65450.0,59600.01,63470.09,63818.01,0.005481637098671288
2024-04-20,5,17,1,1,low,17,high,65419.0,63090.07,63818.01,64940.59,0.017590332258871664
2024-04-21,6,3,16,3,high,16,low,65695.56,64237.5,64940.58,64941.15,8.777254530213757e-06
2024-04-22,0,23,2,2,low,23,high,67232.35,64500.0,64941.15,66819.32,0.028921107802987865
2024-04-23,1,1,12,1,high,12,low,67183.01,65765.81,66819.32,66414.0,-0.006065910278644065
2024-04-24,2,5,20,5,high,20,low,67070.43,63606.06,66414.0,64289.59,-0.031987382178456404
2024-04-25,3,21,13,13,low,21,high,65297.94,62794.0,64289.58,64498.34,0.0032471825138691954
2024-04-26,4,14,15,14,high,15,low,64820.01,63297.48,64498.33,63770.01,-0.011292075314198053
2024-04-27,5,0,1,0,high,1,low,63923.41,62391.24,63770.0,63461.98,-0.0048301709267680225
2024-04-28,6,3,23,3,high,23,low,64370.0,62781.0,63461.98,63118.62,-0.005410483568271909
2024-04-29,0,23,13,13,low,23,high,64228.35,61765.53,63118.62,63866.0,0.011840879917843536
2024-04-30,1,0,19,0,high,19,low,64734.0,59191.6,63866.0,60672.0,-0.05001096044843892
2024-05-01,2,0,8,0,high,8,low,60841.63,56552.82,60672.01,58364.97,-0.038024782762265515
2024-05-02,3,21,1,1,low,21,high,59625.0,56911.84,58364.97,59060.61,0.011918793070569545
2024-05-03,4,23,0,0,low,23,high,63333.0,58811.32,59060.6,62882.01,0.06470320315066226
2024-05-04,5,11,2,2,low,11,high,64540.0,62541.03,62882.01,63892.04,0.016062304624168324
2024-05-05,6,15,1,1,low,15,high,64646.0,62822.17,63892.03,64012.0,0.0018776989868689595
2024-05-06,0,8,19,8,high,19,low,65500.0,62700.0,64012.0,63165.19,-0.013228925826407513
2024-05-07,1,8,23,8,high,23,low,64422.41,62261.0,63165.18,62312.08,-0.013505858765858001
2024-05-08,2,4,23,4,high,23,low,63020.22,60888.0,62312.07,61193.03,-0.017958639473861178
2024-05-09,3,22,11,11,low,22,high,63429.03,60630.0,61193.03,63074.01,0.030738468090238436
2024-05-10,4,12,17,12,high,17,low,63469.13,60187.12,63074.0,60799.99,-0.03605304879982246
2024-05-11,5,15,11,11,low,15,high,61515.0,60487.09,60799.99,60825.99,0.0004276316492815213
2024-05-12,6,16,7,7,low,16,high,61888.0,60610.0,60825.99,61483.99,0.010817744191257717
2024-05-13,0,16,3,3,low,16,high,63450.0,60749.21,61484.0,62940.08,0.023682258799037178
2024-05-14,1,0,14,0,high,14,low,63118.36,61142.77,62940.09,61577.49,-0.02164915874762808
2024-05-15,2,23,0,0,low,23,high,66444.16,61319.47,61577.49,66206.5,0.07517373637671822
2024-05-16,3,12,17,12,high,17,low,66752.01,64602.77,66206.51,65235.21,-0.014670762739192803
2024-05-17,4,15,1,1,low,15,high,67451.2,65106.38,65235.21,67024.0,0.027420621471135005
2024-05-18,5,11,15,11,high,15,low,67400.01,66600.0,67024.0,66915.2,-0.0016232991167343476
2024-05-19,6,10,19,10,high,19,low,67700.0,65857.25,66915.2,66274.01,-0.009582127827459267
2024-05-20,0,23,1,1,low,23,high,71515.56,66060.31,66274.0,71446.62,0.0780490086610133
2024-05-21,1,0,19,0,high,19,low,71979.0,69162.94,71446.62,70148.34,-0.01817132846872251
2024-05-22,2,16,21,16,high,21,low,70666.0,68842.19,70148.34,69166.62,-0.013994914206095272
2024-05-23,3,12,20,12,high,20,low,70096.12,66312.16,69166.62,67969.65,-0.017305602037514647
2024-05-24,4,19,8,8,low,19,high,69250.0,66600.12,67969.66,68549.99,0.00853807419369174
2024-05-25,5,11,0,0,low,11,high,69610.0,68500.0,68549.99,69290.57,0.010803502670095236
2024-05-26,6,8,21,8,high,21,low,69562.23,68128.01,69290.56,68507.67,-0.011298653092138372
2024-05-27,0,16,11,11,low,16,high,70687.56,68250.0,68507.67,69436.43,0.013557022155329394
2024-05-28,1,1,18,1,high,18,low,69591.81,67277.91,69436.43,68398.39,-0.014949501292045022
2024-05-29,2,4,16,4,high,16,low,68935.68,67124.65,68398.4,67652.42,-0.010906395471239035
2024-05-30,3,17,8,8,low,17,high,69500.0,67128.0,67652.41,68352.17,0.010343460048208108
2024-05-31,4,12,16,12,high,16,low,69044.1,66670.0,68352.17,67540.01,-0.01188199291990296
2024-06-01,5,17,1,1,low,17,high,67900.0,67428.44,67540.01,67766.85,0.003358601812466582
2024-06-02,6,14,19,14,high,19,low,68460.0,67257.47,67766.84,67765.63,-1.7855340458428503e-05
2024-06-03,0,13,0,0,low,13,high,70288.0,67612.48,67765.62,68809.9,0.015410174067617162
2024-06-04,1,18,9,9,low,18,high,71063.45,68567.32,68809.89,70537.84,0.0251119424838493
2024-06-05,2,16,14,14,low,16,high,71758.0,70383.66,70537.83,71108.0,0.008083180330327688
2024-06-06,3,15,20,15,high,20,low,71700.0,70117.64,71108.0,70799.06,-0.004344658828823794
2024-06-07,4,12,18,12,high,18,low,71997.02,68420.0,70799.06,69355.6,-0.020388123797123747
2024-06-08,5,7,13,7,high,13,low,69582.2,69168.02,69355.6,69310.46,-0.0006508486697541282
2024-06-09,6,19,3,3,low,19,high,69857.14,69130.24,69310.46,69648.14,0.0048719919042521575
2024-06-10,0,15,9,9,low,15,high,70195.94,69172.29,69648.15,69540.0,-0.0015528050637381493
2024-06-11,1,0,15,0,high,15,low,69590.01,66051.0,69540.0,67314.24,-0.03200690250215696
2024-06-12,2,15,1,1,low,15,high,69999.0,66905.0,67314.23,68263.99,0.01410934953872323
2024-06-13,3,12,16,12,high,16,low,68449.3,66251.78,68263.98,66773.01,-0.021841240431630285
2024-06-14,4,13,18,13,high,18,low,67370.24,65078.0,66773.01,66043.99,-0.010917884336799997
2024-06-15,5,15,20,15,high,20,low,66478.48,65857.1,66043.99,66228.25,0.0027899586321176954
2024-06-16,6,22,4,4,low,22,high,66998.7,66034.5,66228.25,66676.87,0.006773846508098815
2024-06-17,0,18,14,14,low,18,high,67298.81,65130.0,66676.86,66504.33,-0.002587554362937889
2024-06-18,1,0,19,0,high,19,low,66588.23,64060.0,66504.33,65175.32,-0.019983811580388856
2024-06-19,2,4,20,4,high,20,low,65727.54,64666.0,65175.32,64974.37,-0.0030832222994838705
2024-06-20,3,11,16,11,high,16,low,66482.94,64559.15,64974.37,64869.99,-0.0016064796011104787
2024-06-21,4,2,13,2,high,13,low,65066.66,63379.35,64869.99,64143.56,-0.011198244365383752
2024-06-22,5,8,0,0,low,8,high,64546.81,63943.82,64143.56,64262.01,0.0018466390078755274
2024-06-23,6,1,23,1,high,23,low,64521.0,63178.32,64262.01,63210.01,-0.01637048078639308
2024-06-24,0,2,20,2,high,20,low,63369.8,58402.0,63210.01,60293.3,-0.04614316624851031
2024-06-25,1,19,0,0,low,19,high,62420.0,60257.06,60293.3,61806.01,0.02508918901436808
2024-06-26,2,2,20,2,high,20,low,62487.81,60712.0,61806.01,60864.99,-0.01522538018551924
2024-06-27,3,14,6,6,low,14,high,62389.22,60606.63,60864.98,61706.47,0.013825520028101512
2024-06-28,4,1,20,1,high,20,low,62225.31,60063.0,61706.46,60427.84,-0.02072100716845534
2024-06-29,5,11,0,0,low,11,high,61224.0,60383.77,60427.84,60986.68,0.009248055201046467
2024-06-30,6,23,5,5,low,23,high,63058.76,60712.21,60986.68,62772.01,0.02927409722909989
2024-07-01,0,18,13,13,low,18,high,63861.76,62497.2,62772.01,62899.99,0.002038806786655325
2024-07-02,1,3,16,3,high,16,low,63288.83,61806.28,62900.0,62135.47,-0.01215468998410173
2024-07-03,2,0,21,0,high,21,low,62285.94,59400.0,62135.46,60208.58,-0.031010955740892517
2024-07-04,3,1,13,1,high,13,low,60498.19,56771.0,60208.57,57050.01,-0.052460305899974004
2024-07-05,4,0,4,0,high,4,low,57546.0,53485.93,57050.02,56628.79,-0.00738352063680251
2024-07-06,5,23,5,5,low,23,high,58475.0,56018.0,56628.79,58230.13,0.0282778424190239
2024-07-07,6,2,23,2,high,23,low,58449.46,55724.37,58230.13,55857.81,-0.040740420809639265
2024-07-08,0,9,1,1,low,9,high,58236.73,54260.16,55857.81,56714.62,0.015339126256471654
2024-07-09,1,18,0,0,low,18,high,58296.0,56289.45,56714.61,58050.0,0.023545784763396933
2024-07-10,2,5,20,5,high,20,low,59470.0,57157.79,58050.0,57725.85,-0.0055839793281654
2024-07-11,3,12,3,3,low,12,high,59650.0,57050.0,57725.85,57339.89,-0.006686086042907971
2024-07-12,4,18,1,1,low,18,high,58526.68,56542.47,57339.89,57889.1,0.009578148824491975
2024-07-13,5,23,5,5,low,23,high,59850.0,57756.63,57889.09,59204.02,0.022714642776384988
2024-07-14,6,21,0,0,low,21,high,61420.69,59194.01,59204.01,60797.91,0.026922162873764824
2024-07-15,0,23,0,0,low,23,high,64900.0,60632.3,60797.91,64724.14,0.06457837119729931
2024-07-16,1,23,8,8,low,23,high,65388.97,62373.24,64724.06,65043.99,0.004942984108228073
2024-07-17,2,1,16,1,high,16,low,66128.63,63854.0,65044.0,64087.99,-0.014697896808314403
2024-07-18,3,2,19,2,high,19,low,65133.3,63238.48,64087.99,63987.92,-0.0015614470043451153
2024-07-19,4,19,1,1,low,19,high,67386.0,63300.67,63987.92,66660.0,0.041759132036171855
2024-07-20,5,17,1,1,low,17,high,67598.0,66222.46,66660.01,67139.96,0.007199968916896528
2024-07-21,6,22,18,18,low,22,high,68366.66,65777.0,67139.97,68165.34,0.015272124786472132
2024-07-22,0,0,15,0,high,15,low,68474.55,66559.97,68165.35,67532.01,-0.009291230808614803
2024-07-23,1,0,19,0,high,19,low,67750.98,65441.08,67532.0,65936.01,-0.023633092459870955
2024-07-24,2,14,23,14,high,23,low,67102.01,65111.0,65936.0,65376.0,-0.008493084202863382
2024-07-25,3,22,14,14,low,22,high,66175.49,63456.7,65376.01,65799.95,0.006484641690430405
2024-07-26,4,21,0,0,low,21,high,68200.0,65722.63,65799.95,67907.99,0.03203710641117521
2024-07-27,5,14,20,14,high,20,low,69399.99,66650.0,67908.0,67896.5,-0.00016934676326795076
2024-07-28,6,18,5,5,low,18,high,68318.43,67066.66,67896.49,68249.88,0.00520483459454236
2024-07-29,0,13,17,13,high,17,low,70079.99,66428.0,68249.88,66784.69,-0.02146802309396005
2024-07-30,1,7,20,7,high,20,low,67000.0,65302.67,66784.68,66188.0,-0.008934384352818537
2024-07-31,2,13,21,13,high,21,low,66849.24,64530.0,66188.0,64628.0,-0.023569227050220583
2024-08-01,3,22,17,17,low,22,high,65659.78,62302.0,64628.01,65354.02,0.011233674067946618
2024-08-02,4,0,22,0,high,22,low,65596.14,61230.01,65354.02,61498.33,-0.05899698289408969
2024-08-03,5,12,21,12,high,21,low,62198.22,59850.0,61498.34,60697.99,-0.013014172415060286
2024-08-04,6,2,17,2,high,17,low,61117.63,57122.77,60697.99,58161.0,-0.04179693594466634
2024-08-05,0,0,6,0,high,6,low,58305.59,49000.0,58161.0,54018.81,-0.07121937380719043
2024-08-06,1,18,0,0,low,18,high,57040.99,53950.0,54018.82,56022.01,0.03708318693373906
2024-08-07,2,10,22,10,high,22,low,57736.05,54558.62,56022.0,55134.16,-0.01584805969083568
2024-08-08,3,23,0,0,low,23,high,62745.14,54730.0,55133.76,61685.99,0.11884242975628717
2024-08-09,4,0,14,0,high,14,low,61744.37,59535.0,61686.0,60837.99,-0.013747203579418377
2024-08-10,5,0,4,0,high,4,low,61470.58,60242.0,60837.99,60923.51,0.0014057006156844446
2024-08-11,6,9,20,9,high,20,low,61858.0,58286.73,60923.51,58712.59,-0.03629009556409349
2024-08-12,0,14,7,7,low,14,high,60711.09,57642.21,58712.59,59346.64,0.01079921699928419
2024-08-13,1,17,10,10,low,17,high,61578.1,58392.88,59346.64,60587.15,0.02090278404977943
2024-08-14,2,12,22,12,high,22,low,61800.0,58433.18,60587.16,58683.39,-0.03142200426625054
2024-08-15,3,16,20,16,high,20,low,59849.38,56078.54,58683.39,57541.06,-0.01946598517911119
2024-08-16,4,19,1,1,low,19,high,59817.76,57098.62,57541.05,58874.6,0.023175628529545352
2024-08-17,5,16,0,0,low,16,high,59700.0,58785.05,58874.59,59491.99,0.010486697232201558
2024-08-18,6,12,23,12,high,23,low,60284.99,58408.92,59491.99,58427.35,-0.01789551837146479
2024-08-19,0,23,10,10,low,23,high,59617.63,57787.3,58427.35,59438.5,0.017306107499313276
2024-08-20,1,5,16,5,high,16,low,61400.0,58548.23,59438.5,59013.8,-0.007145200501358498
2024-08-21,2,20,1,1,low,20,high,61820.93,58783.47,59013.8,61156.03,0.03630049242719492
2024-08-22,3,10,2,2,low,10,high,61400.0,59724.87,61156.03,60375.84,-0.012757368324922372
2024-08-23,4,22,0,0,low,22,high,64955.0,60342.14,60375.83,64037.24,0.06064363835660721
2024-08-24,5,9,21,9,high,21,low,64494.5,63531.0,64037.24,64157.01,0.001870317958737823
2024-08-25,6,23,9,9,low,23,high,65000.0,63773.27,64157.02,64220.0,0.0009816540730851152
2024-08-26,0,0,23,0,high,23,low,64481.0,62800.0,64219.99,62834.0,-0.021581909308923872
2024-08-27,1,1,22,1,high,22,low,63212.0,58034.01,62834.0,59415.0,-0.05441321577489894
2024-08-28,2,10,16,10,high,16,low,60234.98,57860.0,59415.0,59034.9,-0.006397374400403914
2024-08-29,3,15,22,15,high,22,low,61166.99,58713.09,59034.9,59359.01,0.005490142271774841
2024-08-30,4,12,16,12,high,16,low,59944.07,57701.1,59359.0,59123.99,-0.003959130039252717
2024-08-31,5,0,17,0,high,17,low,59462.38,58744.0,59123.99,58973.99,-0.0025370412247211326
2024-09-01,6,0,14,0,high,14,low,59076.59,57201.0,58974.0,57301.86,-0.0283538508495269
2024-09-02,0,23,0,0,low,23,high,59425.69,57128.0,57301.77,59132.13,0.031942468792848816
2024-09-03,1,2,23,2,high,23,low,59809.65,57415.0,59132.12,57487.73,-0.02780874421549573
2024-09-04,2,16,1,1,low,16,high,58519.0,55606.0,57487.74,57970.9,0.008404574610169116
2024-09-05,3,0,21,0,high,21,low,58327.07,55643.65,57970.9,56180.0,-0.0308930860138449
2024-09-06,4,13,21,13,high,21,low,57008.0,52550.0,56180.0,53962.97,-0.03946297614809539
2024-09-07,5,16,1,1,low,16,high,54850.0,53745.54,53962.97,54160.86,0.003667144339905669
2024-09-08,6,22,16,16,low,22,high,55318.0,53629.01,54160.86,54869.95,0.013092295801802196
2024-09-09,0,21,5,5,low,21,high,58088.0,54591.96,54869.95,57042.0,0.03958541970605045
2024-09-10,1,19,4,4,low,19,high,58044.36,56386.4,57042.01,57635.99,0.010413027170676417
2024-09-11,2,18,14,14,low,18,high,57981.71,55545.19,57635.99,57338.0,-0.005170207018218963
2024-09-12,3,14,0,0,low,14,high,58588.0,57324.0,57338.0,58132.32,0.013853291011196757
2024-09-13,4,22,12,12,low,22,high,60625.0,57632.62,58132.31,60498.0,0.0406949250769495
2024-09-14,5,0,18,0,high,18,low,60610.45,59400.0,60497.99,59993.03,-0.008346723585362079
2024-09-15,6,15,23,15,high,23,low,60395.8,58691.05,59993.02,59132.0,-0.014352002949676427
2024-09-16,0,0,17,0,high,17,low,59210.7,57493.3,59132.0,58213.99,-0.015524758168166172
2024-09-17,1,15,0,0,low,15,high,61320.0,57610.01,58213.99,60313.99,0.03607380287796799
2024-09-18,2,23,16,16,low,23,high,61786.24,59174.8,60313.99,61759.99,0.023974537250810304
2024-09-19,3,17,1,1,low,17,high,63850.0,61555.0,61759.98,62947.99,0.019235919441683673
2024-09-20,4,4,18,4,high,18,low,64133.32,62350.0,62948.0,63201.05,0.004019984749316943
2024-09-21,5,23,5,5,low,23,high,63559.9,62758.0,63201.05,63348.96,0.0023403092195461344
2024-09-23,0,3,0,0,low,3,high,64745.88,62538.75,63578.76,63339.99,-0.003755499478127665
2024-09-24,1,22,2,2,low,22,high,64688.0,62700.0,63339.99,64262.7,0.014567574134444908
2024-09-25,2,1,23,1,high,23,low,64817.99,62947.08,64262.7,63152.01,-0.017283587524333635
2024-09-26,3,17,1,1,low,17,high,65839.0,62670.0,63152.01,65173.99,0.032017666579416806
2024-09-27,4,14,3,3,low,14,high,66498.0,64819.9,65173.99,65769.95,0.009144138635673512
2024-09-28,5,3,13,3,high,13,low,66260.0,65422.23,65769.95,65858.0,0.00133875728961331
2024-09-29,6,20,7,7,low,20,high,66076.12,65432.0,65858.0,65602.01,-0.0038869993015276084
2024-09-30,0,0,23,0,high,23,low,65618.8,62856.3,65602.01,63327.59,-0.03466997428889753
2024-10-01,1,7,20,7,high,20,low,64130.63,60164.0,63327.6,60805.78,-0.03982181544855639
2024-10-02,2,16,19,16,high,19,low,62390.31,60000.0,60804.92,60649.28,-0.002559661290566609
2024-10-03,3,4,13,4,high,13,low,61477.19,59828.11,60649.27,60752.71,0.0017055440238605071
2024-10-04,4,20,0,0,low,20,high,62484.85,60459.9,60752.72,62086.0,0.021946013281380634
2024-10-05,5,13,3,3,low,13,high,62370.56,61689.26,62086.0,62058.0,-0.0004509873401410946
2024-10-06,6,19,4,4,low,19,high,62975.0,61798.97,62058.01,62819.91,0.012277222553543072
2024-10-07,0,14,23,14,high,23,low,64478.19,62128.0,62819.91,62224.0,-0.009486005312646954
2024-10-08,1,14,19,14,high,19,low,63200.0,61860.31,62224.01,62160.49,-0.0010208278122866732
2024-10-09,2,6,20,6,high,20,low,62543.75,60301.0,62160.5,60636.02,-0.02452489925274094
2024-10-10,3,11,18,11,high,18,low,61321.68,58946.0,60636.01,60326.39,-0.005106206691370402
2024-10-11,4,19,1,1,low,19,high,63417.56,60087.64,60326.4,62540.0,0.03669371949925735
2024-10-12,5,15,3,3,low,15,high,63480.0,62487.23,62539.99,63206.22,0.010652863871580459
2024-10-13,6,0,15,0,high,15,low,63285.72,62050.0,63206.23,62870.02,-0.0053192541304869214
2024-10-14,0,22,0,0,low,22,high,66500.0,62457.81,62870.02,66083.99,0.051120868102157574
2024-10-15,1,14,15,14,high,15,low,67950.0,64800.01,66084.0,67074.14,0.014983051873373274
2024-10-16,2,11,1,1,low,11,high,68424.0,66750.49,67074.14,67620.01,0.008138307848598512
2024-10-17,3,0,14,0,high,14,low,67939.4,66666.0,67620.0,67421.78,-0.002931381248151452
2024-10-18,4,18,0,0,low,18,high,69000.0,67192.36,67421.78,68428.0,0.014924257413553917
2024-10-19,5,3,17,3,high,17,low,68693.26,68010.0,68427.99,68378.0,-0.0007305490048736669
2024-10-20,6,22,3,3,low,22,high,69400.0,68100.0,68377.99,69031.99,0.009564481202211412
2024-10-21,0,0,15,0,high,15,low,69519.52,66840.67,69032.0,67377.5,-0.023967145671572605
2024-10-22,1,22,0,0,low,22,high,67836.01,66571.42,67377.5,67426.0,0.0007198248673518608
2024-10-23,2,0,18,0,high,18,low,67472.83,65260.0,67426.01,66668.65,-0.011232460589021961
2024-10-24,3,21,0,0,low,21,high,68850.0,66510.0,66668.65,68198.28,0.02294376742291924
2024-10-25,4,14,23,14,high,23,low,68771.49,65596.29,68198.27,66698.33,-0.021993813039539012
2024-10-26,5,20,2,2,low,20,high,67454.55,66439.9,66698.32,67092.76,0.0059137921314957815
2024-10-27,6,22,1,1,low,22,high,68332.05,66913.73,67092.76,68021.7,0.013845607186229967
2024-10-28,0,22,5,5,low,22,high,70270.0,67618.0,68021.69,69962.21,0.02852795924358839
2024-10-29,1,19,0,0,low,19,high,73620.12,69760.0,69962.21,72736.42,0.03965297837218109
2024-10-30,2,21,13,13,low,21,high,72961.0,71436.0,72736.41,72344.74,-0.005384785968952801
2024-10-31,3,10,20,10,high,20,low,72700.0,69685.76,72344.75,70292.01,-0.02837441555883468
2024-11-01,4,14,19,14,high,19,low,71632.95,68820.14,70292.01,69496.01,-0.011324188908526019
2024-11-02,5,2,14,2,high,14,low,69914.37,69000.14,69496.0,69374.74,-0.001744848624381184
2024-11-03,6,0,15,0,high,15,low,69391.0,67478.73,69374.74,68775.99,-0.008630662976178361
2024-11-04,0,3,21,3,high,21,low,69500.0,66835.0,68775.99,67850.01,-0.013463710227944526
2024-11-05,1,16,1,1,low,16,high,70577.91,67476.63,67850.01,69372.01,0.022431831623901013
2024-11-06,2,20,0,0,low,20,high,76400.0,69298.0,69372.01,75571.99,0.08937293297397626
2024-11-07,3,20,6,6,low,20,high,76849.99,74416.0,75571.99,75857.89,0.003783147697976382
2024-11-08,4,19,3,3,low,19,high,77199.99,75555.0,75857.89,76509.78,0.008593568843003666
2024-11-09,5,23,17,17,low,23,high,76900.0,75714.66,76509.78,76677.46,0.002191615241868524
2024-11-10,6,22,0,0,low,22,high,81500.0,76492.0,76677.46,80370.01,0.04815691599591312
2024-11-11,0,23,0,0,low,23,high,89530.54,80216.01,80370.01,88647.99,0.102998369665501
2024-11-12,1,7,13,7,high,13,low,89940.0,85072.0,88648.0,87952.01,-0.007851164154859728
2024-11-13,2,16,6,6,low,16,high,93265.64,86127.99,87952.0,90375.2,0.02755139166818261
2024-11-14,3,14,23,14,high,23,low,91790.0,86668.21,90375.21,87325.59,-0.03374398798077492
2024-11-15,4,22,4,4,low,22,high,91850.0,87073.38,87325.59,91032.07,0.042444373980181645
2024-11-16,5,5,15,5,high,15,low,91779.66,90056.17,91032.08,90586.92,-0.004890144221685404
2024-11-17,6,9,22,9,high,22,low,91449.99,88722.0,90587.98,89855.99,-0.008080431863035148
2024-11-18,0,15,13,13,low,15,high,92594.0,89376.9,89855.98,90464.08,0.0067674961644178366
2024-11-19,1,19,0,0,low,19,high,93905.51,90357.0,90464.07,92310.79,0.020413850493350413
2024-11-20,2,16,3,3,low,16,high,94831.97,91500.0,92310.8,94286.56,0.021403346087348334
2024-11-21,3,19,2,2,low,19,high,98988.0,94040.0,94286.56,98317.12,0.04274798019993515
2024-11-22,4,19,14,14,low,19,high,99588.01,97122.11,98317.12,98892.0,0.005847201382628018
2024-11-23,5,0,20,0,high,20,low,98908.85,97136.0,98892.0,97672.4,-0.012332645714516905
2024-11-24,6,2,16,2,high,16,low,98564.0,95734.77,97672.4,97900.04,0.0023306481667287734
2024-11-25,0,9,22,9,high,22,low,98871.8,92600.19,97900.05,93010.01,-0.0499493105468282
2024-11-26,1,6,20,6,high,20,low,94973.37,90791.1,93010.01,91965.16,-0.011233737099909906
2024-11-27,2,20,0,0,low,20,high,97208.21,91792.14,91965.16,95863.11,0.042385072781909984
2024-11-28,3,0,10,0,high,10,low,96564.0,94640.0,95863.11,95643.98,-0.002285863665387078
2024-11-29,4,15,0,0,low,15,high,98619.99,95364.99,95643.99,97460.0,0.018987183617078237
2024-11-30,5,0,11,0,high,11,low,97463.95,96092.01,97460.0,96407.99,-0.010794274574184227
2024-12-01,6,22,2,2,low,22,high,97836.0,95693.88,96407.99,97185.18,0.008061468764155208
2024-12-02,0,1,17,1,high,17,low,98130.0,94395.0,97185.17,95840.62,-0.013834929753171219
2024-12-03,1,2,14,2,high,14,low,96305.52,93578.17,95840.61,95849.69,9.474063238956582e-05
2024-12-04,2,20,16,16,low,20,high,99000.0,94587.83,95849.69,98587.32,0.028561699051921866
2024-12-05,3,3,22,3,high,22,low,104088.0,90500.0,98587.32,96945.63,-0.016652141472148774
2024-12-06,4,20,0,0,low,20,high,101898.99,95981.72,96945.63,99740.84,0.028832759145512712
2024-12-07,5,21,5,5,low,21,high,100439.18,98844.0,99740.84,99831.99,0.0009138683812970568
2024-12-08,6,23,9,9,low,23,high,101351.0,98657.7,99831.99,101109.59,0.012797501081567053
2024-12-09,0,0,21,0,high,21,low,101215.93,94150.05,101109.6,97276.47,-0.03791064349972707
2024-12-10,1,14,18,14,high,18,low,98270.0,94256.54,97276.48,96593.0,-0.00702615884127382
2024-12-11,2,22,1,1,low,22,high,101888.0,95658.24,96593.0,101125.0,0.046918513763937346
2024-12-12,3,16,19,16,high,19,low,102540.0,99311.64,101125.0,100004.29,-0.011082422744128618
2024-12-13,4,18,2,2,low,18,high,101895.26,99205.0,100004.29,101424.25,0.01419899086329203
2024-12-14,5,1,20,1,high,20,low,102650.0,100609.41,101424.24,101420.0,-4.180460213461041e-05
2024-12-15,6,23,0,0,low,23,high,105250.0,101237.14,101420.0,104463.99,0.03001370538355359
2024-12-16,0,18,12,12,low,18,high,107793.07,103333.0,104463.99,106058.66,0.015265260306446251
2024-12-17,1,14,22,14,high,22,low,108353.0,105321.49,106058.65,106133.74,0.0007080044861971283
2024-12-18,2,1,23,1,high,23,low,106524.98,100000.0,106133.74,100204.01,-0.05587035753192161
2024-12-19,3,14,20,14,high,20,low,102800.11,95700.0,100204.01,97461.86,-0.027365671293993067
2024-12-20,4,7,12,7,high,12,low,98233.0,92232.54,97461.86,97805.44,0.003525276451732008
2024-12-21,5,7,13,7,high,13,low,99540.61,96398.39,97805.44,97291.99,-0.005249707991702681
2024-12-22,6,0,22,0,high,22,low,97448.08,94250.35,97292.0,95186.27,-0.021643403363071946
2024-12-23,0,11,20,11,high,20,low,96538.92,92520.0,95186.28,94881.47,-0.0032022472146195614
2024-12-24,1,18,2,2,low,18,high,99487.99,93569.02,94881.47,98663.58,0.03986141867321407
2024-12-25,2,23,12,12,low,23,high,99569.15,97632.02,98663.58,99429.6,0.007763959102234118
2024-12-26,3,0,10,0,high,10,low,99963.7,95199.14,99429.61,95791.6,-0.03658879884975909
2024-12-27,4,9,17,9,high,17,low,97544.58,93500.01,95791.6,94299.03,-0.015581428851799186
2024-12-28,5,22,1,1,low,22,high,95733.99,94135.66,94299.03,95300.0,0.010614849378620344
2024-12-29,6,0,23,0,high,23,low,95340.0,93009.52,95300.0,93738.2,-0.016388247639034657
2024-12-30,0,20,15,15,low,20,high,95024.5,91530.45,93738.19,92792.05,-0.010093431503211224
2024-12-31,1,14,1,1,low,14,high,96250.0,92033.73,92792.05,93576.0,0.00844846083258207
2025-01-01,2,21,9,9,low,21,high,95151.15,92888.0,93576.0,94591.79,0.010855240659998221
2025-01-02,3,20,0,0,low,20,high,97839.5,94392.0,94591.78,96984.79,0.025298287018174253
2025-01-03,4,19,8,8,low,19,high,98976.91,96100.01,96984.79,98174.18,0.012263675572221164
2025-01-04,5,21,15,15,low,21,high,98778.43,97514.79,98174.17,98220.5,0.0004719163910425904
2025-01-05,6,23,14,14,low,23,high,98836.85,97276.79,98220.51,98363.61,0.001456925849804749
2025-01-06,0,16,1,1,low,16,high,102480.0,97920.0,98363.61,102235.6,0.03936404936744397
2025-01-07,1,0,20,0,high,20,low,102724.38,96181.81,102235.6,96954.61,-0.051655098615355166
2025-01-08,2,0,17,0,high,17,low,97268.65,92500.9,96954.6,95060.61,-0.01953481320123032
2025-01-09,3,1,20,1,high,20,low,95382.32,91203.67,95060.61,92552.49,-0.02638442989162383
2025-01-10,4,17,15,15,low,17,high,95836.0,92206.02,92552.49,94726.11,0.02348526765730447
2025-01-11,5,21,4,4,low,21,high,95050.94,93831.73,94726.1,94599.99,-0.0013313120671071708
2025-01-12,6,15,9,9,low,15,high,95450.1,93711.19,94599.99,94545.06,-0.0005806554525006563
2025-01-13,0,0,14,0,high,14,low,95940.0,89256.69,94545.07,94536.1,-9.487538588739913e-05
2025-01-14,1,9,0,0,low,9,high,97371.0,94346.22,94536.11,96560.86,0.021417741855466656
2025-01-15,2,20,0,0,low,20,high,100681.94,96500.0,96560.85,100497.35,0.040767039643913656
2025-01-16,3,0,15,0,high,15,low,100866.66,97335.13,100497.35,99987.3,-0.005075258203325788
2025-01-17,4,19,0,0,low,19,high,105865.22,99950.77,99987.3,104077.48,0.040906995188388855
2025-01-18,5,15,8,8,low,15,high,104988.88,102277.55,104077.47,104556.23,0.0046000349547312665
2025-01-19,6,20,23,20,high,23,low,106422.43,99651.6,104556.23,101331.57,-0.03084139510385932
2025-01-20,0,6,0,0,low,6,high,109588.0,99550.0,101331.57,102260.01,0.009162396279856195
2025-01-21,1,18,1,1,low,18,high,107240.81,100119.04,102260.0,106143.82,0.03797985527087822
2025-01-22,2,1,16,1,high,16,low,106394.46,103339.12,106143.82,103706.66,-0.02296092226565808
2025-01-23,3,16,10,10,low,16,high,106850.0,101262.28,103706.66,103910.34,0.0019640011547955843
2025-01-24,4,18,3,3,low,18,high,107120.0,102750.0,103910.35,104870.5,0.009240176748514408
2025-01-25,5,18,10,10,low,18,high,105286.52,104106.09,104870.51,104746.85,-0.0011791684812059076
2025-01-26,6,4,23,4,high,23,low,105500.0,102520.44,104746.86,102620.0,-0.020304761402871654
2025-01-27,0,0,7,0,high,7,low,103260.0,97777.77,102620.01,102082.83,-0.00523465160449695
2025-01-28,1,15,21,15,high,21,low,103800.0,100272.68,102082.83,101335.52,-0.0073206238502596145
2025-01-29,2,20,0,0,low,20,high,104782.68,101328.01,101335.52,103733.24,0.023661199942527567
2025-01-30,3,15,0,0,low,15,high,106457.44,103278.54,103733.25,104722.94,0.00954072103207026
2025-01-31,4,15,21,15,high,21,low,106012.0,101560.0,104722.94,102429.56,-0.02189949976576292
2025-02-01,5,2,23,2,high,23,low,102783.71,100279.51,102429.56,100635.65,-0.017513596660963922
2025-02-02,6,1,22,1,high,22,low,101456.6,96150.0,100635.66,97700.59,-0.029165307804410553
2025-02-03,0,22,2,2,low,22,high,102500.01,91231.0,97700.59,101328.52,0.037133143208244776
2025-02-04,1,1,22,1,high,22,low,101732.31,96150.0,101328.51,97763.13,-0.03518634587639738
2025-02-05,2,14,23,14,high,23,low,99149.0,96155.0,97763.14,96612.43,-0.011770387080447768
2025-02-06,3,11,19,11,high,19,low,99120.0,95676.64,96612.44,96554.35,-0.0006012683252798139
2025-02-07,4,14,20,14,high,20,low,100137.99,95620.34,96554.35,96506.8,-0.0004924687494660045
2025-02-08,5,3,15,3,high,15,low,96880.0,95688.0,96506.8,96444.74,-0.0006430634939713851
2025-02-09,6,4,21,4,high,21,low,97323.09,94713.0,96444.75,96462.75,0.00018663535340181814
2025-02-10,0,13,1,1,low,13,high,98345.0,95256.0,96462.75,97430.82,0.010035687350816839
2025-02-11,1,5,19,5,high,19,low,98478.42,94876.88,97430.82,95778.2,-0.01696198389790838
2025-02-12,2,22,13,13,low,22,high,98119.99,94088.23,95778.21,97869.99,0.021839831836489725
2025-02-13,3,1,16,1,high,16,low,98083.91,95217.36,97870.0,96608.14,-0.012893225707571274
2025-02-14,4,17,15,15,low,17,high,98826.0,96252.82,96608.13,97500.48,0.0092368002568727
2025-02-15,5,3,0,0,low,3,high,97972.26,97223.58,97500.47,97569.66,0.0007096376048238776
2025-02-16,6,0,23,0,high,23,low,97704.47,96046.18,97569.67,96118.12,-0.014877061693454563
2025-02-17,0,14,19,14,high,19,low,97046.59,95205.0,96118.12,95780.0,-0.0035177550289164556
2025-02-18,1,14,19,14,high,19,low,96753.91,93388.09,95780.01,95671.74,-0.0011304028888699169
2025-02-19,2,23,5,5,low,23,high,96899.99,95029.99,95671.74,96644.37,0.010166324977469733
2025-02-20,3,20,0,0,low,20,high,98711.36,96415.09,96644.37,98305.0,0.01718289435794351
2025-02-21,4,13,20,13,high,20,low,99475.0,94871.95,98305.01,96181.98,-0.02159635607585004
2025-02-22,5,12,0,0,low,12,high,96980.0,95770.49,96181.99,96551.01,0.003836685017641967
2025-02-23,6,0,17,0,high,17,low,96650.0,95227.94,96551.01,96258.0,-0.0030347688750225893
2025-02-24,0,0,23,0,high,23,low,96500.0,91349.26,96258.0,91552.88,-0.048880300858110445
2025-02-25,1,3,15,3,high,15,low,92540.69,86050.99,91552.88,88680.4,-0.03137509164102768
2025-02-26,2,3,20,3,high,20,low,89414.15,82256.01,88680.39,84250.09,-0.04995805724354621
2025-02-27,3,11,20,11,high,20,low,87078.46,82716.49,84250.09,84708.58,0.0054420119907290935
2025-02-28,4,18,8,8,low,18,high,85120.0,78258.52,84708.57,84349.94,-0.00423369205736804
2025-03-01,5,4,0,0,low,4,high,86558.0,83824.78,84349.95,86064.53,0.020326983003546555
2025-03-02,6,17,14,14,low,17,high,95000.0,85050.6,86064.54,94270.0,0.09534077565510729
2025-03-03,0,0,21,0,high,21,low,94416.46,85117.11,94269.99,86220.61,-0.0853864522527265
2025-03-04,1,21,15,15,low,21,high,88967.52,81500.0,86221.16,87281.98,0.012303476316022568
2025-03-05,2,23,0,0,low,23,high,91000.0,86334.53,87281.98,90606.01,0.03808380607314361
2025-03-06,3,5,19,5,high,19,low,92810.64,87836.0,90606.0,89931.89,-0.0074400150100434916
2025-03-08,5,0,1,0,high,1,low,86897.25,85218.47,86801.74,86222.45,-0.006673714144440055
2025-03-09,6,1,23,1,high,23,low,86500.0,80000.0,86222.46,80734.37,-0.06365035281990343
2025-03-10,0,9,19,9,high,19,low,84123.46,77459.91,80734.48,78595.86,-0.026489549446531337
2025-03-11,1,19,0,0,low,19,high,83617.4,76606.0,78595.86,82932.99,0.05518267756087922
2025-03-12,2,12,15,12,high,15,low,84539.85,80607.65,82932.99,83680.12,0.009008839546240767
2025-03-13,3,2,17,2,high,17,low,84336.33,79939.9,83680.12,81115.78,-0.03064455452501737
2025-03-14,4,15,0,0,low,15,high,85309.71,80818.84,81115.78,83983.2,0.03534971863674365
2025-03-15,5,3,8,3,high,8,low,84676.28,83618.0,83983.19,84338.44,0.004230013172874238
2025-03-16,6,16,23,16,high,23,low,85117.04,81981.12,84338.44,82574.53,-0.02091466240067997
2025-03-17,0,19,14,14,low,19,high,84756.83,82456.0,82574.52,84010.03,0.017384418341154083
2025-03-18,1,0,13,0,high,13,low,84021.74,81134.66,84010.02,82715.03,-0.015414708864490274
2025-03-19,2,23,2,2,low,23,high,87000.0,82547.16,82715.03,86845.94,0.04994146771149093
2025-03-20,3,0,16,0,high,16,low,87453.67,83655.23,86845.93,84223.39,-0.030197615478353375
2025-03-21,4,2,13,2,high,13,low,84850.33,83175.25,84223.38,84088.79,-0.001598012333392593
2025-03-22,5,9,23,9,high,23,low,84539.17,83625.1,84088.79,83840.59,-0.0029516419489446465
2025-03-23,6,23,0,0,low,23,high,86129.64,83809.75,83840.59,86082.5,0.026740150564303084
2025-03-24,0,14,2,2,low,14,high,88765.43,85519.09,86082.5,87498.16,0.016445386692998037
2025-03-25,1,20,4,4,low,20,high,88539.63,86310.0,87498.16,87392.87,-0.0012033395902269048
2025-03-26,2,7,19,7,high,19,low,88275.0,85860.0,87392.88,86909.17,-0.005534890256506095
2025-03-27,3,2,13,2,high,13,low,87756.39,85800.0,86909.17,87232.01,0.0037146828119517944
2025-03-28,4,1,17,1,high,17,low,87515.67,83585.0,87232.01,84424.38,-0.03218577675786664
2025-03-29,5,0,17,0,high,17,low,84624.73,81644.81,84424.38,82648.54,-0.021034682161716924
2025-03-30,6,10,22,10,high,22,low,83534.64,81565.0,82648.53,82389.99,-0.0031281863089397187
2025-03-31,0,15,0,0,low,15,high,83943.08,81278.52,82390.0,82550.01,0.0019421046243475514
2025-04-01,1,23,0,0,low,23,high,85579.46,82432.74,82550.0,85158.34,0.03159709267110838
2025-04-02,2,20,23,20,high,23,low,88500.0,82320.0,85158.35,82516.29,-0.031025260588069307
2025-04-03,3,1,15,1,high,15,low,83998.02,81211.24,82516.28,83213.09,0.008444515433802853
2025-04-04,4,9,11,9,high,11,low,84720.0,81659.0,83213.09,83889.87,0.008133095406023246
2025-04-05,5,1,15,1,high,15,low,84266.0,82379.95,83889.87,83537.99,-0.004194546969735322
2025-04-06,6,1,23,1,high,23,low,83817.63,77153.83,83537.99,78430.0,-0.06114571346521511
2025-04-07,0,14,7,7,low,14,high,81243.58,74508.0,78430.0,79163.24,0.00934897360703819
2025-04-08,1,2,22,2,high,22,low,80867.99,76239.9,79163.24,76322.42,-0.03588559538492875
2025-04-09,2,21,1,1,low,21,high,83588.0,74620.0,76322.42,82615.22,0.08245021580814658
2025-04-10,3,0,16,0,high,16,low,82753.21,78464.36,82615.22,79607.3,-0.036408787630172725
2025-04-11,4,21,0,0,low,21,high,84300.0,78969.58,79607.3,83423.84,0.047942085713244806
2025-04-12,5,20,3,3,low,20,high,85905.0,82792.95,83423.83,85276.9,0.022212717876894317
2025-04-13,6,1,21,1,high,21,low,86100.0,83034.23,85276.91,83760.0,-0.01778805071619039
2025-04-14,0,14,0,0,low,14,high,85799.99,83678.0,83760.0,84591.58,0.009928127984718264
2025-04-15,1,13,23,13,high,23,low,86496.42,83600.0,84591.58,83643.99,-0.011201942320973275
2025-04-16,2,17,1,1,low,17,high,85500.0,83111.64,83643.99,84030.38,0.004619459210398732
2025-04-17,3,18,14,14,low,18,high,85470.01,83736.26,84030.38,84947.91,0.010919027142326367
2025-04-18,4,1,16,1,high,16,low,85132.08,84303.96,84947.92,84474.69,-0.005570825041978614
2025-04-19,5,15,0,0,low,15,high,85677.99,84364.45,84474.7,85077.01,0.007130063794248428
2025-04-20,6,1,11,1,high,11,low,85320.76,83949.52,85077.0,85179.24,0.0012017348989739323
2025-04-21,0,14,0,0,low,14,high,88465.99,85144.76,85179.24,87516.23,0.027436145239145015
2025-04-22,1,21,0,0,low,21,high,93888.0,87076.03,87516.22,93442.99,0.06772196056913797
2025-04-23,2,13,15,13,high,15,low,94696.05,91935.41,93442.99,93691.08,0.002654987816635539
2025-04-24,3,23,8,8,low,23,high,94005.0,91660.01,93691.07,93980.47,0.003088874958947466
2025-04-25,4,14,3,3,low,14,high,95758.04,92855.96,93980.47,94638.68,0.007003689170739323
2025-04-26,5,1,13,1,high,13,low,95199.0,93870.69,94638.68,94628.0,-0.00011285026376100149
2025-04-27,6,1,13,1,high,13,low,95369.0,93602.58,94628.0,93749.3,-0.009285835059390424
2025-04-28,0,12,1,1,low,12,high,95630.0,92800.01,93749.29,95011.18,0.013460261939050413
2025-04-29,1,1,23,1,high,23,low,95461.53,93742.54,95011.18,94256.82,-0.007939697201950192
2025-04-30,2,11,14,11,high,14,low,95228.45,92910.0,94256.82,94172.0,-0.0008998818334843779
2025-05-01,3,15,0,0,low,15,high,97424.02,94130.43,94172.0,96489.91,0.02461357940789198
2025-05-02,4,14,7,7,low,14,high,97895.68,96350.0,96489.9,96887.14,0.004116907572709737
2025-05-03,5,0,23,0,high,23,low,96935.67,95753.01,96887.13,95856.42,-0.010638255049974196
2025-05-04,6,2,23,2,high,23,low,96304.48,94151.38,95856.42,94277.62,-0.0164704669755036
2025-05-05,0,22,2,2,low,22,high,95199.0,93514.1,94277.61,94733.68,0.004837521867599236
2025-05-06,1,23,13,13,low,23,high,96920.65,93377.0,94733.68,96834.02,0.02217099557411906
2025-05-07,2,1,19,1,high,19,low,97732.0,95784.61,96834.02,97030.5,0.002029038967916399
2025-05-08,3,21,0,0,low,21,high,104145.76,96876.29,97030.5,103261.6,0.06421795208723037
2025-05-09,4,7,16,7,high,16,low,104361.3,102315.14,103261.61,102971.99,-0.002804720941306216
2025-05-10,5,23,0,0,low,23,high,104984.57,102818.76,102971.99,104809.53,0.017845046988020658
2025-05-11,6,0,7,0,high,7,low,104972.0,103345.06,104809.53,104118.0,-0.006597968715249452
2025-05-12,0,7,18,7,high,18,low,105819.45,100718.37,104118.0,102791.32,-0.012742081100289989
2025-05-13,1,19,3,3,low,19,high,104976.25,101429.7,102791.32,104103.72,0.012767615008738034
2025-05-14,2,13,17,13,high,17,low,104356.95,102602.05,104103.72,103507.82,-0.005724099004339078
2025-05-15,3,17,14,14,low,17,high,104192.7,101383.07,103507.83,103763.71,0.002472083512909165
2025-05-16,4,16,8,8,low,16,high,104550.33,103100.49,103763.71,103463.9,-0.002889353127408534
2025-05-17,5,5,1,1,low,5,high,103709.86,102612.5,103463.9,103126.65,-0.0032595910264353076
2025-05-18,6,23,0,0,low,23,high,106660.0,103105.09,103126.65,106454.26,0.03226721705786041
2025-05-19,0,0,6,0,high,6,low,107108.62,102000.0,106454.27,105573.74,-0.00827143899441515
2025-05-20,1,20,13,13,low,20,high,107320.0,104184.72,105573.73,106849.99,0.012088802773189973
2025-05-21,2,23,9,9,low,23,high,110797.38,106100.01,106850.0,109643.99,0.026148713149274732
2025-05-22,3,17,0,0,low,17,high,111980.0,109177.37,109643.99,111696.21,0.018717122570968105
2025-05-23,4,0,23,0,high,23,low,111800.0,106800.0,111696.22,107318.3,-0.039194880542958374
2025-05-24,5,11,0,0,low,11,high,109506.03,106875.41,107318.3,107761.91,0.004133591381898526
2025-05-25,6,23,15,15,low,23,high,109299.99,106600.64,107761.9,109004.19,0.011528100376849409
2025-05-26,0,16,0,0,low,16,high,110422.22,108670.58,109004.2,109434.79,0.003950214762366923
2025-05-27,1,13,1,1,low,13,high,110718.0,107516.57,109434.78,108938.17,-0.0045379540215642646
2025-05-28,2,1,20,1,high,20,low,109284.7,106769.43,108938.17,107781.78,-0.010615103962183315
2025-05-29,3,11,23,11,high,23,low,108891.91,105322.86,107781.78,105589.75,-0.02033766746104953
2025-05-30,4,5,23,5,high,23,low,106313.12,103621.0,105589.75,103985.48,-0.015193425498213644
2025-05-31,5,22,3,3,low,22,high,104900.0,103068.55,103985.47,104591.88,0.00583168013761926
2025-06-01,6,23,9,9,low,23,high,105866.91,103752.49,104591.88,105642.93,0.010049059257754888
2025-06-02,0,8,14,8,high,14,low,105935.63,103659.88,105642.93,105857.99,0.0020357254385126597
2025-06-03,1,15,8,8,low,15,high,106794.67,104872.5,105858.0,105376.89,-0.0045448619849232045
2025-06-04,2,10,14,10,high,14,low,106000.0,104179.0,105376.9,104696.86,-0.006453406771313197
2025-06-05,3,13,20,13,high,20,low,105909.71,100372.26,104696.86,101508.68,-0.03045153407657123
2025-06-06,4,15,0,0,low,15,high,105333.0,101095.8,101508.69,104288.44,0.02738435497492875
2025-06-07,5,20,0,0,low,20,high,105900.0,103871.09,104288.43,105552.15,0.012117547459483293
2025-06-08,6,21,10,10,low,21,high,106488.14,104964.14,105552.15,105734.0,0.0017228450581064036
2025-06-09,0,21,3,3,low,21,high,110530.17,105318.37,105734.01,110263.02,0.04283399447349069
2025-06-10,1,19,15,15,low,19,high,110400.0,108331.03,110263.02,110274.39,0.00010311707406522461
2025-06-11,2,14,22,14,high,22,low,110392.01,108064.0,110274.39,108645.12,-0.014774690660270295
2025-06-12,3,0,23,0,high,23,low,108813.55,105671.72,108645.13,105671.73,-0.027368000756223573
2025-06-13,4,23,1,1,low,23,high,106179.53,102664.31,105671.74,106066.59,0.0037365713860677535
2025-06-14,5,0,20,0,high,20,low,106252.0,104300.0,106066.59,105414.64,-0.006146610351101107
2025-06-15,6,6,21,6,high,21,low,106128.57,104494.53,105414.63,105594.01,0.0017016613348639568
2025-06-16,0,22,1,1,low,22,high,108952.38,104980.37,105594.02,106794.53,0.011369109727994016
2025-06-17,1,3,17,3,high,17,low,107771.34,103371.02,106794.53,104551.17,-0.02100631933114927
2025-06-18,2,5,19,5,high,19,low,105550.27,103500.0,104551.17,104886.78,0.003210007119002117
2025-06-19,3,0,17,0,high,17,low,105226.17,103929.27,104886.79,104658.59,-0.002175679129850357
2025-06-20,4,8,17,8,high,17,low,106524.65,102345.0,104658.59,103297.99,-0.013000366238452011
2025-06-21,5,10,23,10,high,23,low,103982.64,100837.9,103297.98,102120.01,-0.011403611183877954
2025-06-22,6,0,20,0,high,20,low,103399.62,98200.0,102120.02,100963.87,-0.011321482310716436
2025-06-23,0,22,16,16,low,22,high,106074.2,99613.33,100963.87,105333.93,0.04328340425144161
2025-06-24,1,17,8,8,low,17,high,106290.0,104622.02,105333.94,106083.0,0.007111288156504899
2025-06-25,2,14,0,0,low,14,high,108135.3,105808.03,106083.0,107340.58,0.011854679826173862
2025-06-26,3,3,15,3,high,15,low,108272.45,106562.5,107340.59,106947.06,-0.003666180705733021
2025-06-27,4,7,13,7,high,13,low,107735.34,106356.76,106947.06,107047.59,0.0009399977895605437
2025-06-28,5,15,1,1,low,15,high,107577.75,106811.51,107047.58,107296.79,0.0023280302086230425
2025-06-29,6,12,2,2,low,12,high,108528.5,107172.52,107296.79,108356.93,0.009880444699230979
2025-06-30,0,0,15,0,high,15,low,108789.99,106733.33,108356.93,107146.5,-0.011170766835125294
2025-07-01,1,1,20,1,high,20,low,107540.0,105250.85,107146.51,105681.14,-0.013676320395316613
2025-07-02,2,17,1,1,low,17,high,109730.0,105100.19,105681.13,108849.6,0.029981416739204066
2025-07-03,3,13,2,2,low,13,high,110529.18,108530.4,108849.59,109584.78,0.0067541825375731996
2025-07-04,4,1,19,1,high,19,low,109767.59,107245.0,109584.77,107984.24,-0.014605405477421715
2025-07-05,5,4,2,2,low,4,high,108420.56,107756.31,107984.25,108198.12,0.001980566610408419
2025-07-06,6,21,10,10,low,21,high,109700.0,107800.01,108198.12,109203.84,0.009295170747883616
2025-07-07,0,3,18,3,high,18,low,109700.0,107513.2,109203.85,108262.94,-0.008616088169052679
2025-07-08,1,13,2,2,low,13,high,109216.56,107429.57,108262.94,108922.98,0.006096638424930947
2025-07-09,2,19,4,4,low,19,high,111999.79,108324.53,108922.99,111233.99,0.02121682484111022
2025-07-10,3,21,13,13,low,21,high,116868.0,110500.0,111234.0,116010.0,0.04293651221748746
2025-07-11,4,9,0,0,low,9,high,118869.98,115222.22,116010.01,117527.66,0.013082060763549704
2025-07-12,5,9,15,9,high,15,low,118200.0,116900.05,117527.66,117420.0,-0.0009160396795103679
2025-07-13,6,19,1,1,low,19,high,119488.0,117224.79,117420.0,119086.64,0.014193834099812633
2025-07-14,0,7,1,1,low,7,high,123218.0,118905.18,119086.65,119841.18,0.006335974687338999
2025-07-15,1,0,14,0,high,14,low,119940.83,115736.92,119841.17,117758.09,-0.017382006534148505
2025-07-16,2,21,2,2,low,21,high,120063.84,117017.29,117758.08,118630.43,0.0074079842334385144
2025-07-17,3,21,12,12,low,21,high,120998.71,117453.57,118630.44,119177.56,0.004611969744021815
2025-07-18,4,6,20,6,high,20,low,120820.71,116812.76,119177.56,117924.84,-0.01051137479236864
2025-07-19,5,11,21,11,high,21,low,118499.9,117277.34,117924.84,117840.0,-0.0007194412983727305
2025-07-20,6,16,22,16,high,22,low,118856.8,116467.02,117840.01,117265.12,-0.004878563740787187
2025-07-21,0,7,0,0,low,7,high,119676.73,116515.0,117265.11,117380.36,0.0009828157752975288
2025-07-22,1,23,1,1,low,23,high,120247.8,116128.0,117380.36,119954.42,0.021929222231044425
2025-07-23,2,0,14,0,high,14,low,120090.0,117301.0,119954.43,118755.99,-0.009990794004022927
2025-07-24,3,15,7,7,low,15,high,119450.0,117103.1,118756.0,118340.99,-0.00349464448112091
2025-07-25,4,0,7,0,high,7,low,118451.57,114723.16,118340.98,117614.31,-0.006140476443578533
2025-07-26,5,19,1,1,low,19,high,118297.35,117138.38,117614.31,117919.99,0.0025990034716014366
2025-07-27,6,22,0,0,low,22,high,119766.65,117825.5,117919.99,119415.55,0.012682836896441372
2025-07-28,0,2,18,2,high,18,low,119800.0,117427.5,119415.56,118062.32,-0.011332191550246808
2025-07-29,1,7,16,7,high,16,low,119273.36,116950.75,118062.32,117950.76,-0.0009449246804570012
2025-07-30,2,15,19,15,high,19,low,118792.0,115796.23,117950.75,117840.3,-0.0009364077803659331
2025-07-31,3,7,23,7,high,23,low,118922.45,115500.0,117840.29,115764.08,-0.01761884666101884
2025-08-01,4,3,22,3,high,22,low,116052.0,112722.58,115764.07,113297.93,-0.021303155633695444
2025-08-02,5,5,19,5,high,19,low,114063.49,112003.0,113297.92,112546.35,-0.006633572796393724
2025-08-03,6,19,0,0,low,19,high,114799.97,111920.0,112546.35,114208.8,0.014771247579330623
2025-08-04,0,17,0,0,low,17,high,115720.0,114107.6,114208.81,115055.03,0.0074094108852022994
2025-08-05,1,0,14,0,high,14,low,115127.81,112650.0,115055.03,114129.75,-0.008042064740672344
2025-08-06,2,18,4,4,low,18,high,115716.0,113355.13,114129.75,114992.27,0.007557363439418767
2025-08-07,3,22,4,4,low,22,high,117621.0,114259.0,114992.27,117472.01,0.02156440602485707
2025-08-08,4,0,15,0,high,15,low,117630.0,115878.71,117472.02,116674.74,-0.006786977869283246
2025-08-09,5,10,3,3,low,10,high,117944.05,116299.13,116674.74,116462.25,-0.0018212168289383395
2025-08-10,6,23,0,0,low,23,high,119311.11,116460.63,116462.25,119294.01,0.024314831629991648
2025-08-11,0,5,21,5,high,21,low,122335.16,118050.11,119294.27,118686.0,-0.005098903744496731
2025-08-12,1,20,10,10,low,20,high,120324.43,118207.47,118686.0,120134.08,0.012200933555769018
2025-08-13,2,23,5,5,low,23,high,123667.79,118920.92,120134.09,123306.43,0.0264066594253138
2025-08-14,3,0,18,0,high,18,low,124474.0,117180.0,123306.44,118295.09,-0.04064142959605359
2025-08-15,4,6,16,6,high,16,low,119216.82,116803.99,118295.09,117342.05,-0.00805646286756275
2025-08-16,5,1,10,1,high,10,low,117898.99,117143.98,117342.04,117380.66,0.0003291233048275784
2025-08-17,6,13,1,1,low,13,high,118575.0,117172.21,117380.66,117405.01,0.0002074447357851904
2025-08-18,0,0,9,0,high,9,low,117543.75,114640.14,117405.01,116227.05,-0.010033302667407396
2025-08-19,1,1,23,1,high,23,low,116725.69,112732.58,116227.05,112872.94,-0.028858256318129046
2025-08-20,2,22,14,14,low,22,high,114615.38,112380.0,112872.95,114271.24,0.012388176263666433
2025-08-21,3,2,19,2,high,19,low,114821.76,112015.67,114271.23,112500.0,-0.01550022696001431
2025-08-22,4,18,12,12,low,18,high,117429.05,111684.79,112500.0,116935.99,0.03943102222222227
2025-08-23,5,0,15,0,high,15,low,117030.0,114560.0,116936.0,115438.05,-0.012809998631730152
2025-08-24,6,2,19,2,high,19,low,115666.68,110680.0,115438.06,113493.59,-0.016844271291461422
2025-08-25,0,3,21,3,high,21,low,113667.28,109274.1,113493.59,110111.98,-0.029795603434519966
2025-08-26,1,23,1,1,low,23,high,112371.0,108666.66,110111.98,111763.22,0.014996006792358154
2025-08-27,2,14,8,8,low,14,high,112625.0,110345.42,111763.22,111262.01,-0.0044845701474958075
2025-08-28,3,13,0,0,low,13,high,113485.9,110862.42,111262.01,112566.9,0.011728082208833002
2025-08-29,4,0,21,0,high,21,low,112638.64,107463.9,112566.9,108377.4,-0.03721786777463002
2025-08-30,5,15,1,1,low,15,high,108926.15,107350.1,108377.4,108816.33,0.004050014117334496
2025-08-31,6,1,23,1,high,23,low,109480.02,108076.93,108816.33,108246.35,-0.00523800058318449
2025-09-01,0,9,5,5,low,9,high,109912.4,107255.0,108246.36,109237.42,0.009155596548465903
2025-09-02,1,14,12,12,low,14,high,111771.52,108393.39,109237.43,111240.01,0.01833236098652268
2025-09-03,2,17,7,7,low,17,high,112575.27,110528.71,111240.01,111705.71,0.0041864433489354385
2025-09-04,3,0,15,0,high,15,low,112180.0,109329.12,111705.72,110730.87,-0.008726947912783748
2025-09-05,4,12,17,12,high,17,low,113384.62,110206.96,110730.87,110659.99,-0.000640110567179596
2025-09-06,5,3,16,3,high,16,low,111307.7,109977.0,110660.0,110187.97,-0.004265588288451101
2025-09-07,6,23,0,0,low,23,high,111600.0,110180.0,110187.98,111137.34,0.008615821798348609
2025-09-08,0,15,2,2,low,15,high,112924.37,110621.78,111137.35,112065.23,0.008348948395836234
2025-09-09,1,7,15,7,high,15,low,113293.29,110766.66,112065.23,111546.39,-0.004629803552805777
2025-09-10,2,13,1,1,low,13,high,114313.13,110917.45,111546.38,113960.0,0.021637815588457423
2025-09-11,3,23,13,13,low,23,high,115488.09,113430.0,113960.0,115482.69,0.013361618111618132
2025-09-12,4,19,12,12,low,19,high,116665.63,114740.99,115482.69,116029.42,0.004734302604139165
2025-09-13,5,0,16,0,high,16,low,116298.78,115127.27,116029.41,115918.29,-0.0009576882274934423
2025-09-14,6,9,23,9,high,23,low,116165.19,115135.0,115918.29,115268.01,-0.005609813602322799
2025-09-15,0,6,13,6,high,13,low,116757.99,114384.0,115268.01,115349.71,0.0007087829485389021
2025-09-16,1,22,13,13,low,22,high,116964.27,114737.11,115349.71,116788.96,0.012477274541912588
2025-09-17,2,6,18,6,high,18,low,117286.73,114720.81,116788.96,116447.59,-0.0029229646363835237
2025-09-18,3,18,0,0,low,18,high,117900.0,116092.76,116447.6,117073.53,0.0053752073894180125
2025-09-19,4,1,20,1,high,20,low,117459.99,115100.0,117073.53,115632.38,-0.012309785141013465
2025-09-20,5,15,3,3,low,15,high,116121.81,115408.47,115632.39,115685.63,0.0004604246266984989
2025-09-21,6,8,22,8,high,22,low,115819.06,115188.0,115685.63,115232.29,-0.003918723526854727
2025-09-22,0,0,6,0,high,6,low,115379.25,111800.0,115232.29,112650.99,-0.02240083920921808
2025-09-23,1,14,20,14,high,20,low,113290.5,111458.73,112650.99,111998.8,-0.005789474198140667
2025-09-24,2,17,4,4,low,17,high,113940.0,111042.66,111998.8,113307.0,0.011680482290881661
2025-09-25,3,0,18,0,high,18,low,113510.23,108631.51,113307.01,108994.49,-0.038060487166680944
2025-09-26,4,18,11,11,low,18,high,110300.0,108620.07,108994.49,109643.46,0.005954154196235068
2025-09-27,5,3,9,3,high,9,low,109743.91,109064.4,109643.46,109635.85,-6.940678449950943e-05
2025-09-28,6,23,12,12,low,23,high,112350.0,109189.99,109635.85,112163.95,0.023059063253488627
2025-09-29,0,20,7,7,low,20,high,114400.0,111560.65,112163.96,114311.96,0.019150536411160945
2025-09-30,1,1,10,1,high,10,low,114792.0,112656.27,114311.97,114048.93,-0.0023010713576190503
2025-10-01,2,23,0,0,low,23,high,118649.1,113966.67,114048.94,118594.99,0.03986051952784483
2025-10-02,3,19,5,5,low,19,high,121022.07,118279.31,118594.99,120529.35,0.01631063841735642
2025-10-03,4,16,8,8,low,16,high,123894.99,119248.3,120529.35,122232.0,0.014126434764644414
2025-10-04,5,5,18,5,high,18,low,122800.0,121510.0,122232.21,122391.0,0.0012990847502470388
2025-10-05,6,4,1,1,low,4,high,125708.42,122136.0,122390.99,123482.31,0.008916669437840093
2025-10-06,0,18,0,0,low,18,high,126199.63,123084.0,123482.32,124658.54,0.009525412220955895
2025-10-07,1,12,18,12,high,18,low,125126.0,120574.94,124658.54,121332.95,-0.02667759465175829
2025-10-08,2,18,4,4,low,18,high,124197.25,121066.14,121332.96,123306.0,0.016261368716299292
2025-10-09,3,12,17,12,high,17,low,123762.94,119651.47,123306.01,121662.4,-0.013329520596765726
2025-10-10,4,13,21,13,high,21,low,122550.0,102000.0,121662.41,112774.5,-0.07305387095323858
2025-10-11,5,3,21,3,high,21,low,113322.39,109561.59,112774.49,110644.4,-0.01888804817472472
2025-10-12,6,22,0,0,low,22,high,115770.0,109565.06,110644.4,114958.8,0.038993387826225356
2025-10-13,0,2,11,2,high,11,low,115963.81,113616.5,114958.81,115166.0,0.001802297709936301
2025-10-14,1,0,13,0,high,13,low,115409.96,109866.0,115166.0,113028.14,-0.018563291249153402
2025-10-15,2,2,17,2,high,17,low,113612.35,110164.0,113028.13,110763.28,-0.02003793215016479
2025-10-16,3,12,20,12,high,20,low,111982.45,107427.0,110763.28,108194.28,-0.02319360712322712
2025-10-17,4,3,10,3,high,10,low,109240.0,103528.23,108194.27,106431.68,-0.01629097363474065
2025-10-18,5,7,0,0,low,7,high,107499.0,106322.2,106431.68,107185.01,0.007078061719969109
2025-10-19,6,18,9,9,low,18,high,109450.07,106103.36,107185.0,108642.78,0.013600597098474589
2025-10-20,0,15,0,0,low,15,high,111705.56,107402.52,108642.77,110532.09,0.017390204612787324
2025-10-21,1,16,5,5,low,16,high,114000.0,107473.72,110532.09,108297.67,-0.020215124856500934
2025-10-22,2,15,21,15,high,21,low,109163.88,106666.69,108297.66,107567.44,-0.006742712631094718
2025-10-23,3,17,0,0,low,17,high,111293.61,107500.0,107567.45,110078.18,0.02334098279730528
2025-10-24,4,12,14,12,high,14,low,112104.98,109700.01,110078.19,111004.89,0.008418561388046052
2025-10-25,5,12,0,0,low,12,high,111943.19,110672.86,111004.9,111646.27,0.005777853049730327
2025-10-26,6,22,3,3,low,22,high,115466.8,111260.45,111646.27,114559.4,0.026092497313165857
2025-10-27,0,7,23,7,high,23,low,116400.0,113830.01,114559.41,114107.65,-0.0039434560635395145
2025-10-28,1,14,21,14,high,21,low,116086.0,112211.0,114107.65,112898.45,-0.01059701080514757
2025-10-29,2,13,18,13,high,18,low,113643.73,109200.0,112898.44,110021.29,-0.02548440881911219
2025-10-30,3,7,19,7,high,19,low,111592.0,106304.34,110021.3,108322.88,-0.01543719261633882
2025-10-31,4,15,0,0,low,15,high,111190.0,108275.28,108322.87,109608.01,0.011863976646852133
2025-11-01,5,4,0,0,low,4,high,110564.49,109394.81,109608.01,110098.1,0.004471297307560014
2025-11-02,6,12,22,12,high,22,low,111250.01,109471.34,110098.1,110540.68,0.004019869552698794
2025-11-03,0,0,16,0,high,16,low,110750.0,105306.56,110540.69,106583.04,-0.03580265330350307
2025-11-04,1,4,21,4,high,21,low,107299.0,98944.36,106583.05,101497.22,-0.04771706195309668
2025-11-05,2,20,1,1,low,20,high,104534.74,98966.8,101497.23,103885.16,0.023527046009038943
2025-11-06,3,4,16,4,high,16,low,104200.0,100300.95,103885.16,101346.04,-0.024441604556416044
2025-11-07,4,22,12,12,low,22,high,104096.36,99260.86,101346.04,103339.08,0.019665691920473738
2025-11-08,5,0,14,0,high,14,low,103406.22,101454.0,103339.09,102312.94,-0.009929930677732833
2025-11-09,6,23,3,3,low,23,high,105495.62,101400.0,102312.95,104722.96,0.023555278193034306
2025-11-10,0,1,0,0,low,1,high,106670.11,104265.02,104722.95,106011.13,0.012300837590996124
2025-11-11,1,1,21,1,high,21,low,107500.0,102476.09,106011.13,103058.99,-0.02784745337588609
2025-11-12,2,12,19,12,high,19,low,105333.33,100813.59,103059.0,101654.37,-0.013629377346956642
2025-11-13,3,7,20,7,high,20,low,104085.01,98000.4,101654.37,99692.02,-0.019304138130018328
2025-11-14,4,2,23,2,high,23,low,99866.02,94012.45,99692.03,94594.0,-0.05113778904893399
2025-11-15,5,3,0,0,low,3,high,96846.68,94558.49,94594.0,95596.24,0.01059517516967255
2025-11-16,6,9,22,9,high,22,low,96635.11,93005.55,95596.23,94261.44,-0.013962789118357426
2025-11-17,0,14,22,14,high,22,low,96043.0,91220.0,94261.45,92215.14,-0.021708874624780307
2025-11-18,1,16,4,4,low,16,high,93836.01,89253.78,92215.14,92960.83,0.008086416178514747
2025-11-19,2,0,20,0,high,20,low,92980.22,88608.0,92960.83,91554.96,-0.0151232513737237
2025-11-20,3,5,19,5,high,19,low,93160.0,86100.0,91554.96,86637.23,-0.05371341978632299
2025-11-21,4,0,12,0,high,12,low,87498.94,80600.0,86637.22,85129.43,-0.01740349009351879
2025-11-22,5,0,10,0,high,10,low,85620.0,83500.0,85129.42,84739.74,-0.004577500939158202
2025-11-23,6,22,0,0,low,22,high,88127.64,84667.57,84739.75,86830.0,0.024666700102372263
2025-11-24,0,20,14,14,low,20,high,89228.0,85272.0,86830.0,88300.01,0.01692974778302424
2025-11-25,1,4,14,4,high,14,low,88519.99,86116.0,88300.01,87369.96,-0.010532841389259055
2025-11-26,2,22,12,12,low,22,high,90656.08,86306.77,87369.97,90484.02,0.03564210906790975
2025-11-27,3,2,0,0,low,2,high,91950.0,90089.91,90484.01,91333.95,0.009393261859194816
2025-11-28,4,14,17,14,high,17,low,93092.0,90180.63,91333.94,90890.7,-0.004852960465737109
2025-11-29,5,16,18,16,high,18,low,91165.65,90155.47,90890.71,90802.44,-0.0009711663601263987
2025-11-30,6,13,23,13,high,23,low,92000.01,90336.9,90802.44,90360.0,-0.004872556288135014
2025-12-01,0,0,15,0,high,15,low,90417.0,83822.76,90360.01,86286.01,-0.045086316391509916
2025-12-02,1,19,0,0,low,19,high,92307.65,86184.39,86286.01,91277.88,0.057852599743573846
2025-12-03,2,22,0,0,low,22,high,94150.0,90990.23,91277.88,93429.95,0.023577125147954712
2025-12-04,3,3,19,3,high,19,low,94080.0,90889.0,93429.95,92078.06,-0.014469557138797565
2025-12-05,4,2,16,2,high,16,low,92692.36,88056.0,92078.06,89330.04,-0.029844460232980628
2025-12-06,5,14,23,14,high,23,low,90289.97,88908.01,89330.04,89236.79,-0.0010438817669845442
2025-12-07,6,18,14,14,low,18,high,91760.0,87719.28,89236.8,90395.31,0.012982424291323699
2025-12-08,0,9,15,9,high,15,low,92287.15,89612.0,90395.32,90634.34,0.0026441634367795758
2025-12-09,1,17,5,5,low,17,high,94588.99,89500.0,90634.35,92678.8,0.022557121003239908
2025-12-10,2,20,15,15,low,20,high,94476.0,91563.15,92678.81,92015.37,-0.0071584863897152145
2025-12-11,3,21,14,14,low,21,high,93555.0,89260.63,92015.38,92513.38,0.005412138709854809
2025-12-12,4,3,16,3,high,16,low,92754.0,89480.0,92513.38,90268.42,-0.024266327746321734
2025-12-13,5,10,21,10,high,21,low,90634.55,89766.39,90268.43,90240.01,-0.00031483875370379497
2025-12-14,6,0,23,0,high,23,low,90472.4,87577.36,90240.0,88172.17,-0.022914782801418457
2025-12-15,0,2,18,2,high,18,low,90052.64,85146.64,88172.16,86432.08,-0.01973502747352454
2025-12-16,1,15,4,4,low,15,high,88175.98,85266.0,86432.08,87863.42,0.016560286412174698
2025-12-17,2,15,19,15,high,19,low,90365.85,85314.0,87863.43,86243.22,-0.01844009504295464
2025-12-18,3,14,20,14,high,20,low,89477.61,84450.01,86243.23,85516.41,-0.008427560053119445
2025-12-19,4,15,1,1,low,15,high,89399.97,85110.24,85516.41,88136.94,0.030643592264923174
2025-12-20,5,5,13,5,high,13,low,88573.07,87795.76,88136.95,88360.9,0.0025409320381519565
2025-12-21,6,9,13,9,high,13,low,89081.77,87600.04,88360.91,88658.86,0.0033719661782568456
2025-12-22,0,12,2,2,low,12,high,90588.23,87900.0,88658.87,88620.79,-0.0004295114521536508
2025-12-23,1,0,14,0,high,14,low,88940.0,86601.9,88620.79,87486.0,-0.01280500884724672
2025-12-24,2,22,14,14,low,22,high,88049.89,86420.0,87486.0,87669.45,0.002096906933680784
2025-12-25,3,15,23,15,high,23,low,88592.74,86934.72,87669.44,87225.27,-0.005066417670741346
2025-12-26,4,7,15,7,high,15,low,89567.75,86655.08,87225.27,87369.56,0.0016542224518192215
2025-12-27,5,23,0,0,low,23,high,87984.0,87253.05,87369.56,87877.01,0.005808086935541361
2025-12-28,6,14,21,14,high,21,low,88088.75,87435.0,87877.0,87952.71,0.0008615451141937754
2025-12-29,0,4,12,4,high,12,low,90406.08,86806.5,87952.71,87237.13,-0.008135963064696945
2025-12-30,1,16,3,3,low,16,high,89400.0,86845.66,87237.13,88485.49,0.014309961824741375
2025-12-31,2,14,20,14,high,20,low,89200.0,87250.0,88485.5,87648.22,-0.009462341287555576
2026-01-01,3,23,4,4,low,23,high,88919.45,87550.43,87648.21,88839.04,0.013586472558880404
2026-01-02,4,17,2,2,low,17,high,90961.81,88379.88,88839.05,89995.13,0.013013196336520953
2026-01-03,5,21,7,7,low,21,high,90741.16,89314.01,89995.14,90628.01,0.007032268631394932
2026-01-04,6,6,0,0,low,6,high,91810.0,90628.0,90628.01,91529.73,0.009949683326380014
2026-01-05,0,20,0,0,low,20,high,94789.08,91514.81,91529.74,93859.71,0.02545587914922517
2026-01-06,1,14,18,14,high,18,low,94444.44,91262.94,93859.71,93747.97,-0.001190500162423315
2026-01-07,2,0,19,0,high,19,low,93747.97,90675.52,93747.97,91364.16,-0.025427857264535943
2026-01-08,3,1,14,1,high,14,low,91687.99,89311.0,91364.16,91099.99,-0.0028913963637382345
2026-01-09,4,15,8,8,low,15,high,92082.55,89694.66,91100.0,90641.28,-0.005035345773874876
2026-01-10,5,10,22,10,high,22,low,90832.0,90404.0,90641.27,90504.7,-0.001506708809353697
2026-01-11,6,16,23,16,high,23,low,91283.89,90236.0,90504.7,91013.65,0.005623464858731062
2026-01-12,0,3,14,3,high,14,low,92519.95,90128.44,91013.66,91296.2,0.0031043691683203772
2026-01-13,1,22,1,1,low,22,high,96495.0,91042.66,91296.2,95414.0,0.04510373925749377
2026-01-14,2,20,6,6,low,20,high,97924.49,94559.28,95413.99,96951.78,0.01611702854057349
2026-01-15,3,9,20,9,high,20,low,97193.34,95134.48,96951.78,95604.8,-0.013893298297359738
2026-01-16,4,8,15,8,high,15,low,95871.47,94293.46,95604.81,95550.94,-0.0005634653737609577
2026-01-17,5,15,8,8,low,15,high,95639.45,95021.67,95550.94,95147.77,-0.004219424738260013
2026-01-18,6,22,23,22,high,23,low,95531.12,93615.4,95147.77,93673.14,-0.015498313833314271
2026-01-20,1,0,23,0,high,23,low,92870.0,87895.98,92630.99,88427.66,-0.04537714646038007
2026-01-21,2,15,17,15,high,17,low,90574.0,87263.53,88427.66,89454.73,0.011614804688940003
2026-01-22,3,2,15,2,high,15,low,90359.99,88515.37,89454.73,89559.67,0.0011731073359676155
2026-01-23,4,17,15,15,low,17,high,91224.99,88578.36,89559.68,89600.26,0.0004531056832717775
2026-01-24,5,3,16,3,high,16,low,89957.39,89162.08,89600.26,89225.34,-0.0041843628578756165
2026-01-25,6,1,23,1,high,23,low,89319.13,86074.72,89225.34,86670.36,-0.02863513885181044
2026-01-26,0,15,0,0,low,15,high,88860.0,86509.63,86670.36,88347.08,0.01934594479589102
2026-01-27,1,21,17,17,low,21,high,89523.16,87304.33,88347.08,89250.0,0.010220145363038577
2026-01-28,2,17,8,8,low,17,high,90600.0,88833.65,89249.99,89299.99,0.0005602241524060675
2026-01-29,3,0,19,0,high,19,low,89348.0,83383.33,89300.0,84650.16,-0.05206987681970881
2026-01-30,4,0,1,0,high,1,low,84735.75,81118.0,84650.16,84260.49,-0.0046032990368830755
2026-01-31,5,0,18,0,high,18,low,84270.02,75719.9,84260.5,78741.09,-0.0655041211481062
2026-02-01,6,0,23,0,high,23,low,79424.0,75700.0,78741.1,76968.21,-0.02251543349026111
2026-02-02,0,15,3,3,low,15,high,79360.0,74604.0,76968.22,78738.61,0.023001571297868124
2026-02-03,1,1,19,1,high,19,low,79186.81,72945.5,78738.6,75770.21,-0.03769929869212812
2026-02-04,2,3,22,3,high,22,low,76971.52,71888.0,75770.21,73165.83,-0.034372083698857435
2026-02-05,3,1,20,1,high,20,low,73341.18,62345.0,73165.84,62909.86,-0.14017443112796896
2026-02-06,4,23,0,0,low,23,high,71751.33,60000.0,62909.87,70580.26,0.12192665475226688
2026-02-07,5,4,7,4,high,7,low,71690.07,67300.0,70580.26,69289.38,-0.018289533079078914
2026-02-08,6,23,0,0,low,23,high,72271.41,68888.0,69289.37,70330.38,0.015024093883376475
2026-02-09,0,3,14,3,high,14,low,71453.53,68308.0,70330.38,70138.0,-0.0027353755233514255
2026-02-10,1,1,14,1,high,14,low,70527.59,67800.0,70138.0,68841.29,-0.018487980837777047
2026-02-11,2,1,15,1,high,15,low,69292.88,65756.0,68841.28,67082.52,-0.02554804326706294
2026-02-12,3,14,18,14,high,18,low,68410.52,65118.0,67082.52,66272.17,-0.012079898012179712
2026-02-13,4,16,0,0,low,16,high,69482.97,65872.46,66272.17,68853.96,0.03895737833844898
2026-02-14,5,11,6,6,low,11,high,70560.01,68730.13,68853.97,69822.95,0.014072972117657062
2026-02-15,6,8,19,8,high,19,low,70983.0,68000.0,69822.94,68832.58,-0.014183877104000498
2026-02-16,0,13,15,13,high,15,low,70126.67,67294.11,68832.59,68892.43,0.0008693556351721839
2026-02-17,1,2,15,2,high,15,low,69241.5,66621.06,68892.43,67503.52,-0.020160560456351867
2026-02-18,2,8,19,8,high,19,low,68476.22,65870.0,67503.52,66461.0,-0.015443935368111233
2026-02-19,3,7,14,7,high,14,low,67320.0,65631.83,66461.0,67003.73,0.008166142549765967
2026-02-20,4,10,13,10,high,13,low,68318.39,66280.2,67003.73,68020.01,0.015167513808559597
2026-02-21,5,15,3,3,low,15,high,68698.7,67534.69,68020.0,67975.93,-0.000647897677153881
2026-02-22,6,11,17,11,high,17,low,68245.0,67190.0,67975.93,67643.4,-0.004891878639983283
2026-02-23,0,0,20,0,high,20,low,67684.86,63888.79,67643.39,64656.02,-0.044163516937870836
2026-02-24,1,0,13,0,high,13,low,65026.75,62510.28,64656.01,64058.15,-0.009246781544360696
2026-02-25,2,21,0,0,low,21,high,69988.83,63913.27,64058.15,67988.04,0.06134879012272431
2026-02-26,3,4,16,4,high,16,low,68860.0,66500.0,67988.04,67485.18,-0.007396300878801634
